INSERT INTO TRANSACTIONS
    (id, transaction_Date, amount)
VALUES
( 'rc1','2018-04-01', 40000),
( 'dd1','2018-04-01',-50000),
( 'hb1','2018-04-03',-16822),
( 'dd2','2018-04-08',-50000),
( 'dd3','2018-04-15',-50000),
( 'dd4','2018-04-22',-50000),
( 'dd5','2018-04-29',-50000),
( 'rc2','2018-05-01',-16822),
( 'dd6','2018-05-01',-50000),
( 'dd7','2018-05-13',-50000),
( 'dd8','2018-05-20',-50000),
( 'dd9','2018-05-27',-50000),
( 'rc3','2018-06-01', 40000),
( 'hb5','2018-05-29',-16822),
( 'dd10','2018-06-03',-50000),
( 'dd11','2018-06-10',-50000),
( 'dd12','2018-06-17',-50000),
( 'dd13','2018-06-24',-50000),
( 'hb7','2018-06-26',-16822),
( 'rc4','2018-07-01', 40000),
( 'dd14','2018-07-01',-50000),
( 'dd15','2018-07-08',-50000),
( 'dd16','2018-07-15',-50000),
( 'dd17','2018-07-22',-50000),
( 'hb9','2018-06-24',-16822),
( 'dd18','2018-07-29',-50000);

INSERT INTO Tags
(transaction_Id, tagtype_id )
VALUES
('rc1',2),
('rc1',3),
('rc2',2),
('rc2',3),
('rc3',2),
('rc3',3),
('rc4',2),
('rc4',3),
('dd1',1),
('hb1',4),
('hb1',1),
('hb5',4),
('hb5',1),
('hb7',4),
('hb7',1),
('hb9',4),
('hb9',1),
('dd1',5),
('dd2',1),
('dd2',5),
('dd3',1),
('dd3',5),
('dd4',1),
('dd4',5),
('dd5',1),
('dd6',5),
('dd6',1),
('dd7',5),
('dd7',1),
('dd8',5),
('dd8',1),
('dd9',5),
('dd9',1),
('rc3',2),
('rc3',3),
('dd10',1),
('dd10',5),
('dd11',1),
('dd11',5),
('dd12',1),
('dd12',5),
('dd13',1),
('dd13',5),
('dd14',1),
('dd14',5),
('dd15',1),
('dd15',5),
('dd16',1),
('dd16',5),
('dd17',1),
('dd17',5),
('dd18',1),
('dd18',5);

INSERT INTO TagType
    (id, tagtype, description)
VALUES
    (1,'payment', 'This is an ammont whch is collected'),
    (2,'charge', ''),
    (3,'rent', ''),
    (4,'housingBenefit',''),
    (5, 'cash', '');
